INSERT INTO curso(id, nome) VALUES (1, 'Sistemas de Informação');
INSERT INTO curso(id, nome) VALUES (2, 'Engenharia de Software');
INSERT INTO curso(id, nome) VALUES (3, 'Engenharia Civil');
INSERT INTO curso(id, nome) VALUES (4, 'Direito');

INSERT INTO materia(id, nome) VALUES (1, 'ANTROPOLOGIA TEOLÓGICA A');
INSERT INTO materia(id, nome) VALUES (2, 'ANTROPOLOGIA TEOLÓGICA B');
INSERT INTO materia(id, nome) VALUES (3, 'ANTROPOLOGIA TEOLÓGICA C');
INSERT INTO materia(id, nome) VALUES (4, 'ALGORÍTMOS E PROGRAMAÇÃO DE COMPUTADORES A');
INSERT INTO materia(id, nome) VALUES (5, 'ALGORÍTMOS E PROGRAMAÇÃO DE COMPUTADORES B');
INSERT INTO materia(id, nome) VALUES (6, 'PROJETO INTEGRADO A');
INSERT INTO materia(id, nome) VALUES (7, 'PROJETO INTEGRADO B');
INSERT INTO materia(id, nome) VALUES (8, 'PROJETO INTEGRADO C');
INSERT INTO materia(id, nome) VALUES (9, 'PROJETO INTEGRADO D');
INSERT INTO materia(id, nome) VALUES (10, 'PROJETO INTEGRADO E');
INSERT INTO materia(id, nome) VALUES (11, 'PROJETO INTEGRADO F');
INSERT INTO materia(id, nome) VALUES (12, 'FUNDAMENTOS DE CÁLCULO DIFERENCIAL E INTEGRAL');
INSERT INTO materia(id, nome) VALUES (13, 'ESTRUTURA E RECUPERAÇÃO DA INFORMAÇÃO');
INSERT INTO materia(id, nome) VALUES (14, 'REDES DE COMUNICAÇÃO DE DADOS A');
INSERT INTO materia(id, nome) VALUES (108, 'REDES DE COMUNICAÇÃO DE DADOS B');
INSERT INTO materia(id, nome) VALUES (15, 'PROGRAMAÇÃO ORIENTADA A OBJETOS');
INSERT INTO materia(id, nome) VALUES (16, 'SISTEMAS OPERACIONAIS');
INSERT INTO materia(id, nome) VALUES (17, 'BANCO DE DADOS A');
INSERT INTO materia(id, nome) VALUES (18, 'BANCO DE DADOS B');
INSERT INTO materia(id, nome) VALUES (19, 'BANCO DE DADOS C');
INSERT INTO materia(id, nome) VALUES (20, 'ANÁLISE DE SISTEMAS A');
INSERT INTO materia(id, nome) VALUES (21, 'ANÁLISE DE SISTEMAS B');
INSERT INTO materia(id, nome) VALUES (22, 'PROBABILIDADE E ESTATÍSTICA');
INSERT INTO materia(id, nome) VALUES (23, 'TÓPICOS EM INTELIGÊNCIA ARTIFICIAL E EM SISTEMAS INTELIGENTES');
INSERT INTO materia(id, nome) VALUES (24, 'EMPREENDIMENTOS EM INFORMÁTICA A');
INSERT INTO materia(id, nome) VALUES (25, 'EMPREENDIMENTOS EM INFORMÁTICA B');
INSERT INTO materia(id, nome) VALUES (26, 'PROJETO DE CONCLUSÃO DE CURSO A');
INSERT INTO materia(id, nome) VALUES (27, 'PROJETO DE CONCLUSÃO DE CURSO B');

INSERT INTO materia(id, nome) VALUES (28, 'TEORIA GERAL DE SISTEMAS');
INSERT INTO materia(id, nome) VALUES (29, 'MATEMÁTICA DISCRETA');
INSERT INTO materia(id, nome) VALUES (30, 'ENGENHARIA DE REQUISITOS');
INSERT INTO materia(id, nome) VALUES (31, 'ARQUITETURA DE COMPUTADORES');
INSERT INTO materia(id, nome) VALUES (32, 'QUALIDADE DE SOFTWARE');
INSERT INTO materia(id, nome) VALUES (33, 'VERIFICAÇÃO E VALIDAÇÃO DE SOFTWARE');
INSERT INTO materia(id, nome) VALUES (34, 'PADRÕES DE PROJETO E MODELOS DE ARQUITETURA DE SOFTWARE');
INSERT INTO materia(id, nome) VALUES (35, 'TÓPICOS DE PROGRAMAÇÃO');
INSERT INTO materia(id, nome) VALUES (36, 'ÉTICA PROFISSIONAL, LEGISLAÇÃO E RESPONSABILIDADE SOCIAL');
INSERT INTO materia(id, nome) VALUES (37, 'INTELIGÊNCIA ARTIFICIAL E SISTEMAS INTELIGENTES');
INSERT INTO materia(id, nome) VALUES (38, 'GOVERNANÇA DE TECNOLOGIA DA INFORMAÇÃO');
INSERT INTO materia(id, nome) VALUES (39, 'GESTÃO DE CONHECIMENTO EMPRESARIAL');

INSERT INTO materia(id, nome) VALUES (40, 'INTRODUÇÃO À ENGENHARIA');
INSERT INTO materia(id, nome) VALUES (41, 'QUÍMICA TECNOLÓGICA DOS MATERIAIS');
INSERT INTO materia(id, nome) VALUES (42, 'INSERÇÃO DO ALUNO NA VIDA UNIVERSITÁRIA');
INSERT INTO materia(id, nome) VALUES (43, 'DESENHO A');
INSERT INTO materia(id, nome) VALUES (44, 'DESENHO B');
INSERT INTO materia(id, nome) VALUES (45, 'FÍSICA GERAL A');
INSERT INTO materia(id, nome) VALUES (46, 'FÍSICA GERAL B');
INSERT INTO materia(id, nome) VALUES (47, 'CÁLCULO A');
INSERT INTO materia(id, nome) VALUES (48, 'CÁLCULO B');
INSERT INTO materia(id, nome) VALUES (49, 'CÁLCULO C');
INSERT INTO materia(id, nome) VALUES (50, 'RESISTÊNCIA DOS MATERIAIS A');
INSERT INTO materia(id, nome) VALUES (51, 'RESISTÊNCIA DOS MATERIAIS B');
INSERT INTO materia(id, nome) VALUES (52, 'ESTÁTICA DAS ESTRUTURAS A');
INSERT INTO materia(id, nome) VALUES (53, 'ESTÁTICA DAS ESTRUTURAS B');
INSERT INTO materia(id, nome) VALUES (54, 'TÉCNICAS DE CONSTRUÇÃO CIVIL A');
INSERT INTO materia(id, nome) VALUES (55, 'TÉCNICAS DE CONSTRUÇÃO CIVIL B');
INSERT INTO materia(id, nome) VALUES (56, 'MECÂNICA SOLOS A');
INSERT INTO materia(id, nome) VALUES (57, 'MECÂNICA SOLOS B');
INSERT INTO materia(id, nome) VALUES (58, 'FÍSICA GERAL C');
INSERT INTO materia(id, nome) VALUES (59, 'SANEAMENTO');
INSERT INTO materia(id, nome) VALUES (60, 'INSTALAÇÕES ELÉTRICAS');
INSERT INTO materia(id, nome) VALUES (61, 'ESTRADAS I');
INSERT INTO materia(id, nome) VALUES (62, 'ESTRADAS II');
INSERT INTO materia(id, nome) VALUES (63, 'NOÇÕES PONTES');
INSERT INTO materia(id, nome) VALUES (64, 'ESTRUTURAS EM CONCRETO A');
INSERT INTO materia(id, nome) VALUES (65, 'ESTRUTURAS EM CONCRETO B');
INSERT INTO materia(id, nome) VALUES (66, 'ESTRUTURAS EM CONCRETO C');
INSERT INTO materia(id, nome) VALUES (67, 'ESTRUTURAS EM CONCRETO D');
INSERT INTO materia(id, nome) VALUES (68, 'ADMINISTRAÇÃO ENGENHARIA');

INSERT INTO materia(id, nome) VALUES (69, 'DIREITO CIVIL I');
INSERT INTO materia(id, nome) VALUES (70, 'DIREITO CIVIL II');
INSERT INTO materia(id, nome) VALUES (71, 'DIREITO CIVIL III');
INSERT INTO materia(id, nome) VALUES (72, 'DIREITO CIVIL IV');
INSERT INTO materia(id, nome) VALUES (73, 'DIREITO CIVIL V');
INSERT INTO materia(id, nome) VALUES (74, 'DIREITO PENAL I');
INSERT INTO materia(id, nome) VALUES (75, 'DIREITO PENAL II');
INSERT INTO materia(id, nome) VALUES (76, 'DIREITO PENAL III');
INSERT INTO materia(id, nome) VALUES (77, 'LINGUAGEM JURÍDICA');
INSERT INTO materia(id, nome) VALUES (78, 'BRASIL CONTEMPORÂNEO, DIREITO E SOCIEDADE');
INSERT INTO materia(id, nome) VALUES (79, 'DIREITO CONSTITUCIONAL I');
INSERT INTO materia(id, nome) VALUES (80, 'DIREITO CONSTITUCIONAL II');
INSERT INTO materia(id, nome) VALUES (81, 'DIREITO CONSTITUCIONAL III');
INSERT INTO materia(id, nome) VALUES (82, 'SOCIOLOGIA DO DIREITO');
INSERT INTO materia(id, nome) VALUES (83, 'FORMAÇÃO HISTÓRICA DO PENSAMENTO JURÍDICO I');
INSERT INTO materia(id, nome) VALUES (84, 'FORMAÇÃO HISTÓRICA DO PENSAMENTO JURÍDICO II');
INSERT INTO materia(id, nome) VALUES (85, 'DIREITO TRIBUTÁRIO I');
INSERT INTO materia(id, nome) VALUES (86, 'DIREITOS HUMANOS I');
INSERT INTO materia(id, nome) VALUES (87, 'DIREITOS HUMANOS II');
INSERT INTO materia(id, nome) VALUES (88, 'FORMAÇÃO HISTÓRICA DO PENSAMENTO JURÍDICO I');
INSERT INTO materia(id, nome) VALUES (89, 'FORMAÇÃO HISTÓRICA DO PENSAMENTO JURÍDICO II');
INSERT INTO materia(id, nome) VALUES (90, 'PSICOLOGIA FORENSE');
INSERT INTO materia(id, nome) VALUES (91, 'DIREITO ADMINISTRATIVO I');
INSERT INTO materia(id, nome) VALUES (92, 'DIREITO ADMINISTRATIVO II');
INSERT INTO materia(id, nome) VALUES (93, 'DIREITO PROCESSUAL CIVIL I');
INSERT INTO materia(id, nome) VALUES (94, 'DIREITO PROCESSUAL CIVIL II');
INSERT INTO materia(id, nome) VALUES (95, 'DIREITO DO TRABALHO I');
INSERT INTO materia(id, nome) VALUES (96, 'DIREITO DO TRABALHO II');
INSERT INTO materia(id, nome) VALUES (97, 'ATIVIDADES COMPLEMENTARES');
INSERT INTO materia(id, nome) VALUES (98, 'DIREITO COMERCIAL I');
INSERT INTO materia(id, nome) VALUES (99, 'DIREITO COMERCIAL II');
INSERT INTO materia(id, nome) VALUES (100, 'DIREITO COMERCIAL III');
INSERT INTO materia(id, nome) VALUES (101, 'DIREITO COMERCIAL IV');
INSERT INTO materia(id, nome) VALUES (102, 'DIREITO DO CONSUMIDOR A');
INSERT INTO materia(id, nome) VALUES (103, 'DIREITO DO CONSUMIDOR B');
INSERT INTO materia(id, nome) VALUES (104, 'DIREITO INTERNACIONAL PÚBLICO');
INSERT INTO materia(id, nome) VALUES (105, 'DIREITO AMBIENTAL');
INSERT INTO materia(id, nome) VALUES (106, 'DIREITO CANÔNICO');
INSERT INTO materia(id, nome) VALUES (107, 'CRIMINOLOGIA E VITIMOLOGIA');

INSERT INTO materia_curso(id, semestre, curso_id, materia_id) VALUES(1, 1, 1, 1);
INSERT INTO materia_curso(id, semestre, curso_id, materia_id) VALUES(2, 2, 1, 2);
INSERT INTO materia_curso(id, semestre, curso_id, materia_id) VALUES(3, 7, 1, 3);

INSERT INTO materia_curso(id, semestre, curso_id, materia_id) VALUES(4, 1, 1, 4);
INSERT INTO materia_curso(id, semestre, curso_id, materia_id) VALUES(5, 2, 1, 5);

INSERT INTO materia_curso(id, semestre, curso_id, materia_id) VALUES(6, 1, 1, 6);
INSERT INTO materia_curso(id, semestre, curso_id, materia_id) VALUES(7, 2, 1, 7);
INSERT INTO materia_curso(id, semestre, curso_id, materia_id) VALUES(8, 3, 1, 8);
INSERT INTO materia_curso(id, semestre, curso_id, materia_id) VALUES(9, 4, 1, 9);
INSERT INTO materia_curso(id, semestre, curso_id, materia_id) VALUES(10, 5, 1, 10);
INSERT INTO materia_curso(id, semestre, curso_id, materia_id) VALUES(11, 6, 1, 11);

INSERT INTO materia_curso(id, semestre, curso_id, materia_id) VALUES(12, 2, 1, 12);
INSERT INTO materia_curso(id, semestre, curso_id, materia_id) VALUES(13, 3, 1, 13);

INSERT INTO materia_curso(id, semestre, curso_id, materia_id) VALUES(14, 3, 1, 14);
INSERT INTO materia_curso(id, semestre, curso_id, materia_id) VALUES(15, 4, 1, 108);

INSERT INTO materia_curso(id, semestre, curso_id, materia_id) VALUES(16, 5, 1, 16);
INSERT INTO materia_curso(id, semestre, curso_id, materia_id) VALUES(17, 3, 1, 17);
INSERT INTO materia_curso(id, semestre, curso_id, materia_id) VALUES(18, 4, 1, 18);
INSERT INTO materia_curso(id, semestre, curso_id, materia_id) VALUES(19, 5, 1, 19);

INSERT INTO materia_curso(id, semestre, curso_id, materia_id) VALUES(20, 5, 1, 20);
INSERT INTO materia_curso(id, semestre, curso_id, materia_id) VALUES(21, 6, 1, 21);

INSERT INTO materia_curso(id, semestre, curso_id, materia_id) VALUES(22, 6, 1, 22);
INSERT INTO materia_curso(id, semestre, curso_id, materia_id) VALUES(23, 1, 1, 23);

INSERT INTO materia_curso(id, semestre, curso_id, materia_id) VALUES(24, 7, 1, 24);
INSERT INTO materia_curso(id, semestre, curso_id, materia_id) VALUES(47, 8, 1, 25);

INSERT INTO materia_curso(id, semestre, curso_id, materia_id) VALUES(25, 1, 2, 1);
INSERT INTO materia_curso(id, semestre, curso_id, materia_id) VALUES(26, 2, 2, 2);
INSERT INTO materia_curso(id, semestre, curso_id, materia_id) VALUES(27, 7, 2, 3);

INSERT INTO materia_curso(id, semestre, curso_id, materia_id) VALUES(28, 1, 3, 1);
INSERT INTO materia_curso(id, semestre, curso_id, materia_id) VALUES(29, 2, 3, 2);
INSERT INTO materia_curso(id, semestre, curso_id, materia_id) VALUES(30, 7, 3, 3);

INSERT INTO materia_curso(id, semestre, curso_id, materia_id) VALUES(31, 1, 4, 1);
INSERT INTO materia_curso(id, semestre, curso_id, materia_id) VALUES(32, 2, 4, 2);
INSERT INTO materia_curso(id, semestre, curso_id, materia_id) VALUES(33, 6, 4, 3);

INSERT INTO materia_curso(id, semestre, curso_id, materia_id) VALUES(34, 7, 1, 26);
INSERT INTO materia_curso(id, semestre, curso_id, materia_id) VALUES(35, 8, 1, 27);

INSERT INTO materia_curso(id, semestre, curso_id, materia_id) VALUES(36, 7, 2, 27);
INSERT INTO materia_curso(id, semestre, curso_id, materia_id) VALUES(37, 8, 2, 27);

INSERT INTO materia_curso(id, semestre, curso_id, materia_id) VALUES(38, 9, 3, 26);
INSERT INTO materia_curso(id, semestre, curso_id, materia_id) VALUES(39, 10, 3, 27);

INSERT INTO materia_curso(id, semestre, curso_id, materia_id) VALUES(40, 9, 4, 26);
INSERT INTO materia_curso(id, semestre, curso_id, materia_id) VALUES(41, 10, 4, 27);

INSERT INTO materia_curso(id, semestre, curso_id, materia_id) VALUES(42, 2, 2, 4);
INSERT INTO materia_curso(id, semestre, curso_id, materia_id) VALUES(43, 3, 2, 5);

INSERT INTO materia_curso(id, semestre, curso_id, materia_id) VALUES(44, 3, 2, 17);
INSERT INTO materia_curso(id, semestre, curso_id, materia_id) VALUES(45, 4, 2, 18);
INSERT INTO materia_curso(id, semestre, curso_id, materia_id) VALUES(46, 5, 2, 19);

INSERT INTO materia_curso(id, semestre, curso_id, materia_id) VALUES(48, 1, 1, 28);
INSERT INTO materia_curso(id, semestre, curso_id, materia_id) VALUES(49, 1, 1, 29);

INSERT INTO materia_curso(id, semestre, curso_id, materia_id) VALUES(50, 2, 2, 30);
INSERT INTO materia_curso(id, semestre, curso_id, materia_id) VALUES(51, 3, 2, 31);

INSERT INTO materia_curso(id, semestre, curso_id, materia_id) VALUES(52, 3, 1, 31);

INSERT INTO materia_curso(id, semestre, curso_id, materia_id) VALUES(53, 4, 2, 32);
INSERT INTO materia_curso(id, semestre, curso_id, materia_id) VALUES(54, 4, 2, 33);
INSERT INTO materia_curso(id, semestre, curso_id, materia_id) VALUES(55, 4, 2, 22);
INSERT INTO materia_curso(id, semestre, curso_id, materia_id) VALUES(56, 4, 2, 14);
INSERT INTO materia_curso(id, semestre, curso_id, materia_id) VALUES(57, 6, 2, 23);
INSERT INTO materia_curso(id, semestre, curso_id, materia_id) VALUES(58, 5, 2, 34);
INSERT INTO materia_curso(id, semestre, curso_id, materia_id) VALUES(59, 5, 2, 35);
INSERT INTO materia_curso(id, semestre, curso_id, materia_id) VALUES(60, 4, 1, 35);
INSERT INTO materia_curso(id, semestre, curso_id, materia_id) VALUES(61, 6, 2, 36);
INSERT INTO materia_curso(id, semestre, curso_id, materia_id) VALUES(62, 7, 1, 36);
INSERT INTO materia_curso(id, semestre, curso_id, materia_id) VALUES(63, 7, 2, 38);
INSERT INTO materia_curso(id, semestre, curso_id, materia_id) VALUES(64, 7, 1, 38);
INSERT INTO materia_curso(id, semestre, curso_id, materia_id) VALUES(65, 8, 2, 39);

INSERT INTO materia_curso(id, semestre, curso_id, materia_id) VALUES(66, 1, 3, 40);
INSERT INTO materia_curso(id, semestre, curso_id, materia_id) VALUES(67, 1, 3, 41);
INSERT INTO materia_curso(id, semestre, curso_id, materia_id) VALUES(68, 1, 3, 42);
INSERT INTO materia_curso(id, semestre, curso_id, materia_id) VALUES(69, 2, 3, 43);
INSERT INTO materia_curso(id, semestre, curso_id, materia_id) VALUES(70, 3, 3, 44);
INSERT INTO materia_curso(id, semestre, curso_id, materia_id) VALUES(71, 2, 3, 45);
INSERT INTO materia_curso(id, semestre, curso_id, materia_id) VALUES(72, 3, 3, 46);
INSERT INTO materia_curso(id, semestre, curso_id, materia_id) VALUES(73, 1, 3, 47);
INSERT INTO materia_curso(id, semestre, curso_id, materia_id) VALUES(74, 2, 3, 48);
INSERT INTO materia_curso(id, semestre, curso_id, materia_id) VALUES(75, 3, 3, 49);
INSERT INTO materia_curso(id, semestre, curso_id, materia_id) VALUES(76, 5, 3, 50);
INSERT INTO materia_curso(id, semestre, curso_id, materia_id) VALUES(77, 6, 3, 51);
INSERT INTO materia_curso(id, semestre, curso_id, materia_id) VALUES(78, 6, 3, 52);
INSERT INTO materia_curso(id, semestre, curso_id, materia_id) VALUES(79, 7, 3, 53);
INSERT INTO materia_curso(id, semestre, curso_id, materia_id) VALUES(80, 5, 3, 54);
INSERT INTO materia_curso(id, semestre, curso_id, materia_id) VALUES(81, 6, 3, 55);
INSERT INTO materia_curso(id, semestre, curso_id, materia_id) VALUES(82, 6, 3, 56);
INSERT INTO materia_curso(id, semestre, curso_id, materia_id) VALUES(83, 7, 3, 57);
INSERT INTO materia_curso(id, semestre, curso_id, materia_id) VALUES(84, 4, 3, 58);
INSERT INTO materia_curso(id, semestre, curso_id, materia_id) VALUES(85, 8, 3, 59);
INSERT INTO materia_curso(id, semestre, curso_id, materia_id) VALUES(86, 8, 3, 60);
INSERT INTO materia_curso(id, semestre, curso_id, materia_id) VALUES(87, 8, 3, 61);
INSERT INTO materia_curso(id, semestre, curso_id, materia_id) VALUES(88, 9, 3, 62);
INSERT INTO materia_curso(id, semestre, curso_id, materia_id) VALUES(89, 9, 3, 63);
INSERT INTO materia_curso(id, semestre, curso_id, materia_id) VALUES(90, 7, 3, 64);
INSERT INTO materia_curso(id, semestre, curso_id, materia_id) VALUES(91, 8, 3, 65);
INSERT INTO materia_curso(id, semestre, curso_id, materia_id) VALUES(92, 9, 3, 66);
INSERT INTO materia_curso(id, semestre, curso_id, materia_id) VALUES(93, 10, 3, 67);
INSERT INTO materia_curso(id, semestre, curso_id, materia_id) VALUES(94, 10, 3, 68);


INSERT INTO materia_curso(id, semestre, curso_id, materia_id) VALUES(95, 1, 1, 42);
INSERT INTO materia_curso(id, semestre, curso_id, materia_id) VALUES(96, 1, 2, 42);
INSERT INTO materia_curso(id, semestre, curso_id, materia_id) VALUES(98, 1, 4, 42);


INSERT INTO materia_curso(id, semestre, curso_id, materia_id) VALUES(99, 1, 4, 69);
INSERT INTO materia_curso(id, semestre, curso_id, materia_id) VALUES(100, 2, 4, 70);
INSERT INTO materia_curso(id, semestre, curso_id, materia_id) VALUES(101, 3, 4, 71);
INSERT INTO materia_curso(id, semestre, curso_id, materia_id) VALUES(102, 4, 4, 72);
INSERT INTO materia_curso(id, semestre, curso_id, materia_id) VALUES(103, 5, 4, 73);

INSERT INTO materia_curso(id, semestre, curso_id, materia_id) VALUES(104, 1, 4, 74);
INSERT INTO materia_curso(id, semestre, curso_id, materia_id) VALUES(105, 2, 4, 75);
INSERT INTO materia_curso(id, semestre, curso_id, materia_id) VALUES(106, 3, 4, 76);

INSERT INTO materia_curso(id, semestre, curso_id, materia_id) VALUES(107, 1, 4, 77);
INSERT INTO materia_curso(id, semestre, curso_id, materia_id) VALUES(108, 2, 4, 78);

INSERT INTO materia_curso(id, semestre, curso_id, materia_id) VALUES(109, 2, 4, 79);
INSERT INTO materia_curso(id, semestre, curso_id, materia_id) VALUES(110, 3, 4, 80);
INSERT INTO materia_curso(id, semestre, curso_id, materia_id) VALUES(111, 4, 4, 81);

INSERT INTO materia_curso(id, semestre, curso_id, materia_id) VALUES(112, 2, 4, 82);
INSERT INTO materia_curso(id, semestre, curso_id, materia_id) VALUES(113, 3, 4, 83);
INSERT INTO materia_curso(id, semestre, curso_id, materia_id) VALUES(114, 4, 4, 84);
INSERT INTO materia_curso(id, semestre, curso_id, materia_id) VALUES(115, 7, 4, 85);
INSERT INTO materia_curso(id, semestre, curso_id, materia_id) VALUES(116, 10, 4, 107);

INSERT INTO materia_curso(id, semestre, curso_id, materia_id) VALUES(117, 3, 4, 86);
INSERT INTO materia_curso(id, semestre, curso_id, materia_id) VALUES(118, 4, 4, 87);
INSERT INTO materia_curso(id, semestre, curso_id, materia_id) VALUES(120, 3, 4, 88);
INSERT INTO materia_curso(id, semestre, curso_id, materia_id) VALUES(121, 4, 4, 89);

INSERT INTO materia_curso(id, semestre, curso_id, materia_id) VALUES(122, 4, 4, 90);
INSERT INTO materia_curso(id, semestre, curso_id, materia_id) VALUES(123, 5, 4, 91);
INSERT INTO materia_curso(id, semestre, curso_id, materia_id) VALUES(124, 6, 4, 92);

INSERT INTO materia_curso(id, semestre, curso_id, materia_id) VALUES(125, 4, 4, 93);
INSERT INTO materia_curso(id, semestre, curso_id, materia_id) VALUES(126, 5, 4, 94);

INSERT INTO materia_curso(id, semestre, curso_id, materia_id) VALUES(127, 5, 4, 95);
INSERT INTO materia_curso(id, semestre, curso_id, materia_id) VALUES(128, 6, 4, 96);

INSERT INTO materia_curso(id, semestre, curso_id, materia_id) VALUES(129, 10, 4, 97);
INSERT INTO materia_curso(id, semestre, curso_id, materia_id) VALUES(130, 5, 4, 98);
INSERT INTO materia_curso(id, semestre, curso_id, materia_id) VALUES(131, 6, 4, 99);
INSERT INTO materia_curso(id, semestre, curso_id, materia_id) VALUES(132, 7, 4, 100);
INSERT INTO materia_curso(id, semestre, curso_id, materia_id) VALUES(133, 8, 4, 101);

INSERT INTO materia_curso(id, semestre, curso_id, materia_id) VALUES(134, 9, 4, 102);
INSERT INTO materia_curso(id, semestre, curso_id, materia_id) VALUES(135, 10, 4, 103);
INSERT INTO materia_curso(id, semestre, curso_id, materia_id) VALUES(136, 9, 4, 104);
INSERT INTO materia_curso(id, semestre, curso_id, materia_id) VALUES(137, 10, 4, 105);
INSERT INTO materia_curso(id, semestre, curso_id, materia_id) VALUES(138, 10, 4, 106);


INSERT INTO materia_curso(id, semestre, curso_id, materia_id) VALUES(139, 8, 1, 97);
INSERT INTO materia_curso(id, semestre, curso_id, materia_id) VALUES(140, 8, 2, 97);
INSERT INTO materia_curso(id, semestre, curso_id, materia_id) VALUES(141, 8, 3, 97);

INSERT INTO materia_curso(id, semestre, curso_id, materia_id) VALUES(142, 1, 2, 28);
INSERT INTO materia_curso(id, semestre, curso_id, materia_id) VALUES(143, 1, 2, 29);

